id;uuid;name;label;description;role;created_at;login;first_name;last_name;email;image_url;activated;lang_key
1;ba943fa4-fa7a-4c37-93f3-bab3fd47fdc1;全部 轻松 onto;boo;for;SYSTEM_ADMINISTRATOR;2024-11-17T06:00:46;"=@msw-\]PdD\wPK1";智辉;巴;kutqrx_ffa@139.com;坚固 the zowie;false;大
2;a6c61677-3b3b-4e56-9646-10932284f12a;when;mmm 咬;熟练 摊;SYSTEM_ADMINISTRATOR;2024-11-17T14:57:19;"^&y@Bn\hqyZTeH\lXY-zM\{p2fn\lw5tXO\=lwl";志强;蒿;v9r_fk7@vip.qq.com;down 搂;false;blah yowza
3;4ed7232c-1de2-4458-8603-5792a7946c7b;弹;save 整;切 爬 eek;SYSTEM_ADMINISTRATOR;2024-11-17T15:04:20;"B";胤祥;孙;k5qgs293@sina.com;挖 adviser 清楚;false;casket
4;6af677cb-0b67-4a5f-b1b9-51be11882021;小 骨碌碌;持 bah 拉;as 硬 from;NONE;2024-11-17T09:44:24;"Qfr2";天宇;璩;k8qscp26@qq.com;up apparatus;true;舞 捣 就
5;7665adf7-599b-4b14-9354-b99904403f19;pro athwart;快 多 幸亏;坚固;NONE;2024-11-17T18:31:01;"a!$e@BpQO\UgpQRp\HcA2jbK\XVVD\\qNf3Yv";天翊;位;iuk.jf125@qq.com;across 抄;true;难道 likewis
6;909949ee-b7c4-4733-89af-7edec3056a08;however 雪白 hovel;absent;ugh 果然;SYSTEM_ADMINISTRATOR;2024-11-17T10:52:29;"&Mc!T@TIcZ\kp\`Hc\zf2nFs\+H\wY7";胤祥;何;rn1hdu.gh768@foxmail.com;简直 没有;false;坚固 near un
7;f74f619b-adef-41ab-b663-71ddcbbac4ca;转动 instead boo;毅然;提;NONE;2024-11-18T00:51:01;"7Ke9Q";致远;栗;k8qscp22@tom.com;where when yowza;true;抚 pfft
8;cfb68c90-cd61-4241-bc41-e29b71b18b99;supposing;inasmuch;吮 on 撞;NONE;2024-11-17T07:48:01;"YCxtT";驰;迮;rydkjv_fj9@tom.com;摔 绿 nor;true;down 全 提
9;174645d2-964a-492c-8619-168dfec6d806;ugh;fat wriggler;渐渐;NONE;2024-11-18T01:17:32;"DN`GLw@yrF8h\vIeTS\'insR\2i1vs\.Q\eif";榕融;夔;jlbffg.fqn@21cn.com;好在 许多 that;true;provided 抄
10;b03b1933-2eaf-43e3-a43c-40fc10159ddc;because suspension 绿油油;guide 抄;坚固;SYSTEM_ADMINISTRATOR;2024-11-17T23:23:35;"eN@ZLD2q\xMX\:ho\$6";明;所;k5qkfk20@qq.com;hubris airport 一共;true;软 zowie
